{
  "project_info": {
    "project_number": "780487306028",
    "project_id": "neat-roots-chat-room",
    "storage_bucket": "neat-roots-chat-room.appspot.com"
  },
  "client": [
    {
      "client_info": {
        "mobilesdk_app_id": "1:780487306028:android:b0bd8f55b5297d7d2a9a89",
        "android_client_info": {
          "package_name": "com.example.chatroom"
        }
      },
      "oauth_client": [
        {
          "client_id": "780487306028-sef52siptjd9dqhj03covh0uie7qkkqe.apps.googleusercontent.com",
          "client_type": 3
        }
      ],
      "api_key": [
        {
          "current_key": "AIzaSyBxXK_HIljlauqBw4XSmJXkjSaQ1iD5fFQ"
        }
      ],
      "services": {
        "appinvite_service": {
          "other_platform_oauth_client": [
            {
              "client_id": "780487306028-sef52siptjd9dqhj03covh0uie7qkkqe.apps.googleusercontent.com",
              "client_type": 3
            }
          ]
        }
      }
    }
  ],
  "configuration_version": "1"
}